INSERT INTO `form_exemplo`.`pessoa` (`nome`,`tipo`,`dat_inclusao`) VALUES ('Joao T','PF',NOW());
INSERT INTO `form_exemplo`.`pessoa` (`nome`,`tipo`,`dat_inclusao`) VALUES ('Francisco X','PF',NOW());
INSERT INTO `form_exemplo`.`pessoa` (`nome`,`tipo`,`dat_inclusao`) VALUES ('Dell','PJ',NOW());
INSERT INTO `form_exemplo`.`pessoa` (`nome`,`tipo`,`dat_inclusao`) VALUES ('Google','PJ','1098-09-04 23:59:59');


INSERT INTO `form_exemplo`.`regiao` (`cod_regiao`,`nom_regiao`) VALUES (1,'Norte');
INSERT INTO `form_exemplo`.`regiao` (`cod_regiao`,`nom_regiao`) VALUES (2,'Nordeste');
INSERT INTO `form_exemplo`.`regiao` (`cod_regiao`,`nom_regiao`) VALUES (3,'Sudeste');
INSERT INTO `form_exemplo`.`regiao` (`cod_regiao`,`nom_regiao`) VALUES (4,'Centro-Oeste');
INSERT INTO `form_exemplo`.`regiao` (`cod_regiao`,`nom_regiao`) VALUES (5,'Sul');
INSERT INTO `form_exemplo`.`regiao` (`cod_regiao`,`nom_regiao`) VALUES (9,'Brasil Todos');


INSERT INTO `form_exemplo`.`uf` (cod_uf,sig_uf,nom_uf,cod_regiao) VALUES (11,'RO','RONDONIA',1);
INSERT INTO `form_exemplo`.`uf` (cod_uf,sig_uf,nom_uf,cod_regiao) VALUES (12,'AC','ACRE',1);
INSERT INTO `form_exemplo`.`uf` (cod_uf,sig_uf,nom_uf,cod_regiao) VALUES (13,'AM','AMAZONAS',1);
INSERT INTO `form_exemplo`.`uf` (cod_uf,sig_uf,nom_uf,cod_regiao) VALUES (14,'RR','RORAIMA',1);
INSERT INTO `form_exemplo`.`uf` (cod_uf,sig_uf,nom_uf,cod_regiao) VALUES (15,'PA','PARA',1);
INSERT INTO `form_exemplo`.`uf` (cod_uf,sig_uf,nom_uf,cod_regiao) VALUES (16,'AP','AMAPA',1);
INSERT INTO `form_exemplo`.`uf` (cod_uf,sig_uf,nom_uf,cod_regiao) VALUES (17,'TO','TOCANTINS',1);
INSERT INTO `form_exemplo`.`uf` (cod_uf,sig_uf,nom_uf,cod_regiao) VALUES (21,'MA','MARANHAO',2);
INSERT INTO `form_exemplo`.`uf` (cod_uf,sig_uf,nom_uf,cod_regiao) VALUES (22,'PI','PIAUI',2);
INSERT INTO `form_exemplo`.`uf` (cod_uf,sig_uf,nom_uf,cod_regiao) VALUES (23,'CE','CEARA',2);
INSERT INTO `form_exemplo`.`uf` (cod_uf,sig_uf,nom_uf,cod_regiao) VALUES (24,'RN','RIO GRANDE DO NORTE',2);
INSERT INTO `form_exemplo`.`uf` (cod_uf,sig_uf,nom_uf,cod_regiao) VALUES (25,'PB','PARAIBA',2);
INSERT INTO `form_exemplo`.`uf` (cod_uf,sig_uf,nom_uf,cod_regiao) VALUES (26,'PE','PERNAMBUCO',2);
INSERT INTO `form_exemplo`.`uf` (cod_uf,sig_uf,nom_uf,cod_regiao) VALUES (27,'AL','ALAGOAS',2);
INSERT INTO `form_exemplo`.`uf` (cod_uf,sig_uf,nom_uf,cod_regiao) VALUES (28,'SE','SERGIPE',2);
INSERT INTO `form_exemplo`.`uf` (cod_uf,sig_uf,nom_uf,cod_regiao) VALUES (29,'BA','BAHIA',2);
INSERT INTO `form_exemplo`.`uf` (cod_uf,sig_uf,nom_uf,cod_regiao) VALUES (31,'MG','MINAS GERAIS',3);
INSERT INTO `form_exemplo`.`uf` (cod_uf,sig_uf,nom_uf,cod_regiao) VALUES (32,'ES','ESPIRITO SANTO',3);
INSERT INTO `form_exemplo`.`uf` (cod_uf,sig_uf,nom_uf,cod_regiao) VALUES (33,'RJ','RIO DE JANEIRO',3);
INSERT INTO `form_exemplo`.`uf` (cod_uf,sig_uf,nom_uf,cod_regiao) VALUES (35,'SP','SAO PAULO',3);
INSERT INTO `form_exemplo`.`uf` (cod_uf,sig_uf,nom_uf,cod_regiao) VALUES (41,'PR','PARANA',4);
INSERT INTO `form_exemplo`.`uf` (cod_uf,sig_uf,nom_uf,cod_regiao) VALUES (42,'SC','SANTA CATARINA',4);
INSERT INTO `form_exemplo`.`uf` (cod_uf,sig_uf,nom_uf,cod_regiao) VALUES (43,'RS','RIO GRANDE DO SUL',4);
INSERT INTO `form_exemplo`.`uf` (cod_uf,sig_uf,nom_uf,cod_regiao) VALUES (50,'MS','MATO GROSSO DO SUL',4);
INSERT INTO `form_exemplo`.`uf` (cod_uf,sig_uf,nom_uf,cod_regiao) VALUES (51,'MT','MATO GROSSO',4);
INSERT INTO `form_exemplo`.`uf` (cod_uf,sig_uf,nom_uf,cod_regiao) VALUES (52,'GO','GOIÁS',4);
INSERT INTO `form_exemplo`.`uf` (cod_uf,sig_uf,nom_uf,cod_regiao) VALUES (53,'DF','DISTRITO FEDERAL',4);
INSERT INTO `form_exemplo`.`uf` (cod_uf,sig_uf,nom_uf,cod_regiao) VALUES (99,'UC','Unico',9);
